test_year,train_n,test_n,train_q60_vol_imp,train_n_on,test_n_on,train_avg_base,train_avg_on,train_uplift,test_avg_base,test_avg_on,test_uplift,test_wr_on
2022,58,82,0.8626433749188925,21,43,0.546860344827586,0.36413809523809515,-0.1827222495894909,0.5636524390243903,0.7524488372093023,0.188796398184912,0.46511627906976744
2023,140,90,0.9093470192983246,55,25,0.5566957142857143,0.6171690909090909,0.060473376623376596,-0.0755811111111111,0.43946399999999997,0.5150451111111111,0.4
2024,230,72,0.8898984386235546,86,26,0.3092830434782608,0.5398162790697675,0.23053323559150668,0.3221791666666667,0.5467192307692308,0.2245400641025641,0.4230769230769231
2025,302,78,0.8933580816806916,110,35,0.3123576158940397,0.5352145454545455,0.2228569295605058,0.1388871794871795,0.47594000000000003,0.33705282051282054,0.4
2026,380,6,0.9091103515438589,139,4,0.27675052631578945,0.5596129496402878,0.2828624233244984,0.2739333333333333,0.9108999999999999,0.6369666666666667,0.5
