bucket,test_year,train_uplift,test_uplift,n_train_on,n_test_on
single_m6e,2025,0.24532683174603176,0.4401266483516484,378,104
relay_m6e_mes,2025,0.1148777159208144,0.5055849116161615,179,44
